Michael;40
Ale;50,
Alex;50
Andrey;30
Michael;40
Ale;50,
Alex;50
Andrey;30
Serg;70
Serg;70
Michael;40
Ale;50,
Alex;50
Andrey;30
Michael;40
Ale;50,
Alex;50
Andrey;30
Serg;70
Serg;70
Michael;40
Ale;50,
Alex;50
Andrey;30
Michael;40
Ale;50,
Alex;50
Andrey;30
Serg;70
Serg;70
Michael;40
Ale;50,
Alex;50
Andrey;30
Michael;40
Ale;50,
Alex;50
Andrey;30
Serg;70
Serg;70
Michael;40
Ale;50,
Alex;50
Andrey;30
Michael;40
Ale;50,
Alex;50
Andrey;30
Serg;70
Serg;70
Michael;40
Ale;50,
Alex;50
Andrey;30
Michael;40
Ale;50,
Alex;50
Andrey;30
Serg;70
Serg;70
Michael;40
Ale;50,
Alex;50
Andrey;30
Michael;40
Ale;50,
Alex;50
Andrey;30
Serg;70
Serg;70
Michael;40
Ale;50,
Alex;50
Andrey;30
Michael;40
Ale;50,
Alex;50
Andrey;30
Serg;70
Serg;70